{"mean_call_to_arrival": 2.829599965383373, "mean_assignment_to_arrival": 2.342132319841909, "demand_met": 1.0, "_timestamp": 1719085749.0594444, "_runtime": 2.652048349380493, "_step": 0, "_wandb": {"runtime": 1}}